id,first,last,education,occupation
200,Ashton,Perkins,Doctoral,Architect
199,Walter,Martin,Upper secondary,Accountant
198,Harold,Scott,Primary,Cook
197,Natalie,Jones,Bachelor,Teacher
196,Roman,Nelson,Doctoral,Medic
195,Maximilian,Perry,Bachelor,Hairdresser
194,Aston,Ryan,Bachelor,Programmer
193,Lydia,Allen,Doctoral,Engineer
192,Roland,Hawkins,Primary,Historian
191,Carl,Myers,Bachelor,Pharmacist
190,Evelyn,Owens,Bachelor,Carpenter
189,Aiden,Harrison,Lower secondary,Physicist
188,Dominik,Warren,Lower secondary,Scientist
187,Dale,Carter,Lower secondary,Photographer
186,Alisa,Parker,Master,Singer
185,Tara,Alexander,Primary,Firefighter
184,Fenton,Gray,Upper secondary,Economist
183,Victor,Wilson,Upper secondary,Dancer
182,Adrianna,Grant,Master,Lawer
181,Chelsea,Cole,Lower secondary,Agronomist
180,Catherine,Myers,Master,Veterinarian
179,Belinda,Brown,Lower secondary,Driver
178,Daniel,Johnson,Upper secondary,Graphic Designer
177,Anna,Miller,Lower secondary,Electrician
176,Emily,Bennett,Bachelor,Photographer
175,Natalie,Perkins,Primary,Scientist
174,Alexander,Allen,Master,Aeroplane Pilot
173,Henry,Douglas,Primary,Social Worker
172,Anna,Mitchell,Upper secondary,Architect
171,Fiona,Armstrong,Master,Historian
170,Michelle,Elliott,Lower secondary,Insurer
169,Charlie,Morgan,Bachelor,Chemist
168,Amy,Watson,Primary,Botanist
167,Anna,Williams,Primary,Veterinarian
166,Mary,Brooks,Primary,Hairdresser
165,Eleanor,Barnes,Upper secondary,Lecturer
164,Adrianna,Kelly,Bachelor,Aeroplane Pilot
163,Maria,Baker,Upper secondary,Police Officer
162,Sabrina,Bailey,Upper secondary,Interior Designer
161,Lydia,Harrison,Primary,Interior Designer
160,Albert,Smith,Primary,Interior Designer
159,Sydney,Johnson,Master,Pharmacist
158,Ryan,Brooks,Bachelor,Teacher
157,Kellan,Howard,Lower secondary,Historian
156,Vivian,Moore,Upper secondary,Aeroplane Pilot
155,Natalie,Walker,Bachelor,Historian
154,Jessica,Campbell,Lower secondary,Historian
153,Eric,Farrell,Master,Hairdresser
152,Brianna,Grant,Upper secondary,Medic
151,Tony,Hall,Primary,Engineer
150,Caroline,Richardson,Doctoral,Fashion Designer
149,Clark,Carter,Doctoral,Scientist
148,Reid,Montgomery,Bachelor,Geologist
147,Heather,Evans,Doctoral,Economist
146,Clark,Turner,Primary,Photographer
145,Julian,Hunt,Lower secondary,Jeweller
144,Violet,Craig,Primary,Interior Designer
143,Eric,Allen,Upper secondary,Chef
142,Dale,Wright,Lower secondary,Insurer
141,Walter,Wilson,Doctoral,Medic
140,Patrick,Jones,Upper secondary,Social Worker
139,Arthur,Crawford,Doctoral,Meteorologist
138,Jessica,Fowler,Bachelor,Fine Artist
137,Emma,Riley,Upper secondary,Teacher
136,Brianna,Craig,Bachelor,Firefighter
135,Luke,Parker,Upper secondary,Historian
134,Amelia,Cole,Doctoral,Social Worker
133,Max,Thomas,Lower secondary,Salesman
132,Aldus,Barnes,Primary,Photographer
131,Vivian,Stewart,Master,Engineer
130,Tiana,Armstrong,Upper secondary,Interior Designer
129,Aiden,Turner,Upper secondary,Dancer
128,Jacob,Lloyd,Upper secondary,Baker
127,Fiona,Miller,Lower secondary,Social Worker
126,Ted,Ross,Lower secondary,Social Worker
125,Victoria,Gibson,Lower secondary,Jeweller
124,Aida,Howard,Doctoral,Auditor
123,Sofia,Alexander,Bachelor,Teacher
122,William,West,Master,Programmer
121,Aiden,Mitchell,Master,Biochemist
120,Camila,Johnson,Primary,Economist
119,Amy,Stevens,Doctoral,Architect
118,Carl,Cunningham,Bachelor,Botanist
117,Joyce,Brooks,Master,Economist
116,Mike,Lloyd,Master,Engineer
115,Lydia,Alexander,Lower secondary,Biochemist
114,Albert,Richards,Master,Insurer
113,Frederick,Kelly,Doctoral,Fine Artist
112,Garry,Wright,Bachelor,Interpreter
111,Sofia,Murphy,Bachelor,Aeroplane Pilot
110,Nicholas,Foster,Lower secondary,Interior Designer
109,Myra,Craig,Primary,Florist
108,Lyndon,Elliott,Primary,Mechanic
107,Frederick,Gray,Master,Composer
106,Tiana,West,Doctoral,Hairdresser
105,Jordan,Alexander,Lower secondary,Journalist
104,Ellia,Spencer,Master,Carpenter
103,Michael,Edwards,Doctoral,Archeologist
102,Violet,Walker,Doctoral,Medic
101,Dale,Jones,Lower secondary,Mechanic
100,Melissa,Barnes,Doctoral,Meteorologist
99,Jasmine,Jones,Lower secondary,Firefighter
98,April,Parker,Primary,Insurer
97,Emily,Harrison,Upper secondary,Insurer
96,Dominik,Miller,Doctoral,Composer
95,Dominik,Howard,Doctoral,Graphic Designer
94,Fenton,Scott,Bachelor,Jeweller
93,Miley,Miller,Primary,Teacher
92,Lily,Hunt,Primary,Teacher
91,Nicole,Brown,Bachelor,Producer
90,Cherry,Nelson,Upper secondary,Dancer
89,Sabrina,Evans,Primary,Photographer
88,Lana,Williams,Lower secondary,Producer
87,Sam,Wright,Lower secondary,Astronomer
86,Arianna,Bailey,Primary,Composer
85,Vivian,Mitchell,Upper secondary,Mechanic
84,Amanda,Martin,Upper secondary,Fine Artist
83,Blake,Barrett,Upper secondary,Fashion Designer
82,Joyce,Cooper,Lower secondary,Jeweller
81,Miranda,Kelly,Upper secondary,Lecturer
80,Sienna,Taylor,Primary,Social Worker
79,Derek,Crawford,Master,Teacher
78,Samantha,Carter,Lower secondary,Accountant
77,Adam,West,Bachelor,Historian
76,Jared,Robinson,Primary,Insurer
75,Madaline,Craig,Master,Photographer
74,Camila,Ross,Primary,Salesman
73,Lydia,Sullivan,Bachelor,Lawer
72,Ellia,Harris,Master,Astronomer
71,Lilianna,Crawford,Bachelor,Scientist
70,Brooke,Richardson,Bachelor,Auditor
69,Alfred,Davis,Master,Pharmacist
68,Eddy,Stewart,Doctoral,Interior Designer
67,William,Cooper,Primary,Graphic Designer
66,Victor,Davis,Doctoral,Chef
65,Sienna,Mitchell,Doctoral,Insurer
64,Penelope,Morrison,Doctoral,Economist
63,Emily,Cooper,Lower secondary,Electrician
62,Stella,Anderson,Upper secondary,Cook
61,Abraham,Barnes,Bachelor,Carpenter
60,Violet,Ferguson,Doctoral,Mechanic
59,Carl,Allen,Bachelor,Interior Designer
58,Deanna,Baker,Upper secondary,Journalist
57,Sawyer,Taylor,Doctoral,Florist
56,Jasmine,Grant,Upper secondary,Cook
55,Victoria,Edwards,Doctoral,Composer
54,Albert,Barrett,Primary,Meteorologist
53,Victor,Parker,Master,Salesman
52,Lily,Perkins,Doctoral,Meteorologist
51,Blake,Henderson,Doctoral,Chef
50,Deanna,Edwards,Doctoral,Scientist
49,Tess,Moore,Primary,Baker
48,Garry,Kelley,Doctoral,Fine Artist
47,Vincent,Adams,Upper secondary,Driver
46,Ryan,Lloyd,Bachelor,Engineer
45,Aiden,Bailey,Upper secondary,Interior Designer
44,Frederick,Wright,Bachelor,Chef
43,Stella,Smith,Upper secondary,Astronomer
42,Caroline,Watson,Master,Archeologist
41,Preston,Warren,Master,Accountant
40,Sophia,Evans,Bachelor,Electrician
39,Maximilian,Bailey,Upper secondary,Hairdresser
38,Rafael,Hall,Primary,Chemist
37,Roman,Martin,Master,Salesman
36,Jessica,Brown,Bachelor,Agronomist
35,Myra,Ryan,Bachelor,Salesman
34,Emma,Payne,Bachelor,Teacher
33,Olivia,Ryan,Lower secondary,Architect
32,Miller,Harris,Lower secondary,Veterinarian
31,Dainton,Williams,Master,Driver
30,Camila,Cunningham,Doctoral,Lecturer
29,Lily,Lloyd,Lower secondary,Fine Artist
28,Alisa,Perkins,Lower secondary,Astronomer
27,Lyndon,Stevens,Master,Historian
26,Daniel,Montgomery,Doctoral,Social Worker
25,Derek,Walker,Lower secondary,Interpreter
24,Penelope,Wilson,Upper secondary,Medic
23,Wilson,Hamilton,Bachelor,Mathematician
22,Honey,Dixon,Doctoral,Jeweller
21,Madaline,Turner,Doctoral,Dancer
20,Melanie,Murray,Doctoral,Police Officer
19,Chelsea,Scott,Master,Police Officer
18,Kristian,Barrett,Bachelor,Meteorologist
17,Tess,Gibson,Doctoral,Carpenter
16,Kimberly,Bailey,Upper secondary,Journalist
15,Alissa,Anderson,Doctoral,Interior Designer
14,Sawyer,Clark,Bachelor,Biochemist
13,Blake,Brooks,Bachelor,Journalist
12,Violet,Martin,Master,Teacher
11,Sabrina,Foster,Upper secondary,Mathematician
10,Valeria,Craig,Lower secondary,Florist
9,Oliver,Wright,Primary,Interior Designer
8,Lenny,Murray,Primary,Archeologist
7,Kevin,Dixon,Bachelor,Botanist
6,Aiden,Cameron,Master,Baker
5,Emma,Murphy,Doctoral,Interior Designer
4,Tiana,Ryan,Maste33r,Cook
3,Elian,Hunt,Master,Firefighter
2,Kate,Nemo,Master,Nurse
1,Harrison,Jenner,Master,Star
